{"cameraMode":{"drawMode":0,"name":"Shaded","section":"Shading Mode"},"sceneLighting":true,"audioPlay":false,"sceneViewState":{"m_AlwaysRefresh":false,"showFog":true,"showSkybox":true,"showFlares":true,"showImageEffects":true,"showParticleSystems":true,"showVisualEffectGraphs":true,"m_FxEnabled":true},"in2DMode":false,"pivot":{"x":-7.2567243576049809,"y":-51.198692321777347,"z":121.54193878173828},"rotation":{"x":0.18992716073989869,"y":-0.016768325120210649,"z":0.0038232828956097366,"w":0.9818020462989807},"size":78.58184051513672,"orthographic":false}